Student_ID,Pass_type,Reason,PAF_Date,PAT_Date,PAF_Time,PAT_Time,Approval_Status,Use_Status,Out_Time,In_Time
SID20138744,Home Pass,Salaar movie,2023-12-12,2023-12-27,15:20:00,18:09:00,Approved,On Hold,,
SID20189404,Home Pass,General outing,2023-11-30,2023-12-14,11:36:00,13:38:00,Denied,,,
SID20134173,Home Pass,General outing,2023-12-04,2023-12-16,17:19:00,18:02:00,Pending,,,
SID20138842,Home Pass,Salaar movie,2023-12-11,2024-01-05,13:41:00,15:25:00,Approved,Used,13:46:00,14:35:00
SID20189169,Home Pass,General outing,2023-11-20,2023-12-09,08:16:00,08:51:00,Denied,,,
SID20153326,Home Pass,Medical Emergency,2023-12-04,2023-12-21,09:18:00,15:40:00,Approved,On Hold,,
SID20188692,Day Pass,Salaar movie,2023-11-19,2023-11-19,13:39:00,13:39:00,Pending,,,
SID20135820,Home Pass,Going Home,2023-12-11,2024-01-02,18:33:00,13:22:00,Denied,,,
SID20188508,Day Pass,Going Home,2023-12-04,2023-12-04,17:36:00,17:36:00,Denied,,,
SID20188224,Day Pass,Going Home,2023-12-13,2023-12-13,15:35:00,15:35:00,Approved,Used,18:57:00,08:15:00
SID20132627,Day Pass,General outing,2023-12-06,2023-12-06,12:03:00,12:03:00,Pending,,,
SID20188775,Day Pass,Medical Emergency,2023-12-04,2023-12-04,16:13:00,16:13:00,Denied,,,
SID20189447,Day Pass,General outing,2023-11-19,2023-11-19,11:03:00,11:03:00,Denied,,,
SID20137811,Home Pass,Medical Emergency,2023-11-23,2023-12-17,18:09:00,09:31:00,Denied,,,
SID20188258,Day Pass,Medical Emergency,2023-12-02,2023-12-02,18:14:00,18:14:00,Denied,,,
SID20133121,Day Pass,Eating food,2023-12-06,2023-12-06,16:21:00,16:21:00,Approved,On Hold,,
SID20131983,Day Pass,Going Home,2023-12-09,2023-12-09,15:34:00,15:34:00,Pending,,,
SID20133843,Home Pass,Medical Emergency,2023-11-18,2023-11-28,17:49:00,09:50:00,Pending,,,
SID20137361,Home Pass,Salaar movie,2023-12-13,2024-01-01,16:17:00,16:02:00,Approved,Used,14:08:00,08:53:00
SID20134484,Day Pass,General outing,2023-12-10,2023-12-10,18:58:00,18:58:00,Approved,Used,15:10:00,18:29:00
SID20148334,Day Pass,Medical Emergency,2023-12-02,2023-12-02,10:13:00,10:13:00,Pending,,,
SID20173543,Day Pass,General outing,2023-12-14,2023-12-14,16:49:00,16:49:00,Pending,,,
SID20187901,Day Pass,Eating food,2023-11-16,2023-11-16,16:53:00,16:53:00,Denied,,,
SID20137984,Home Pass,General outing,2023-12-10,2023-12-17,16:16:00,16:12:00,Pending,,,
SID20134409,Day Pass,Eating food,2023-12-04,2023-12-04,14:40:00,14:40:00,Approved,On Hold,,
SID20178878,Home Pass,Medical Emergency,2023-12-11,2023-12-24,14:35:00,10:21:00,Approved,On Hold,,
SID20188802,Day Pass,General outing,2023-12-13,2023-12-13,15:55:00,15:55:00,Denied,,,
SID20139081,Home Pass,Going Home,2023-12-03,2023-12-22,10:19:00,15:52:00,Pending,,,
SID20187855,Day Pass,General outing,2023-12-14,2023-12-14,08:12:00,08:12:00,Denied,,,
SID20138829,Day Pass,Medical Emergency,2023-11-26,2023-11-26,17:24:00,17:24:00,Approved,On Hold,,
SID20176090,Day Pass,Going Home,2023-11-20,2023-11-20,09:04:00,09:04:00,Pending,,,
SID20153865,Day Pass,General outing,2023-12-14,2023-12-14,18:28:00,18:28:00,Approved,On Hold,,
SID20186010,Day Pass,General outing,2023-11-23,2023-11-23,17:51:00,17:51:00,Pending,,,
SID20134176,Day Pass,Going Home,2023-12-09,2023-12-09,09:32:00,09:32:00,Approved,Used,18:13:00,
SID20171328,Day Pass,Eating food,2023-11-20,2023-11-20,10:33:00,10:33:00,Pending,,,
SID20138683,Home Pass,Medical Emergency,2023-12-13,2023-12-19,14:41:00,10:57:00,Denied,,,
SID20189835,Day Pass,General outing,2023-11-16,2023-11-16,10:38:00,10:38:00,Approved,Used,18:33:00,
SID20133807,Home Pass,Eating food,2023-11-17,2023-11-28,09:14:00,08:59:00,Approved,On Hold,,
SID20189419,Day Pass,Going Home,2023-12-06,2023-12-06,14:00:00,14:00:00,Pending,,,
SID20138257,Day Pass,Medical Emergency,2023-11-20,2023-11-20,08:27:00,08:27:00,Approved,Used,13:42:00,
SID20139017,Home Pass,Going Home,2023-11-26,2023-12-13,16:29:00,08:39:00,Pending,,,
SID20188472,Day Pass,Salaar movie,2023-12-04,2023-12-04,10:32:00,10:32:00,Approved,On Hold,,
SID20138450,Home Pass,Eating food,2023-11-18,2023-12-15,17:31:00,12:48:00,Approved,On Hold,,
SID20188470,Day Pass,Salaar movie,2023-11-16,2023-11-16,09:37:00,09:37:00,Pending,,,
SID20137478,Day Pass,Salaar movie,2023-11-17,2023-11-17,09:28:00,09:28:00,Pending,,,
SID20137981,Day Pass,Going Home,2023-11-20,2023-11-20,16:57:00,16:57:00,Approved,On Hold,,
SID20136792,Day Pass,Salaar movie,2023-12-04,2023-12-04,09:00:00,09:00:00,Approved,Used,16:56:00,
SID20189625,Home Pass,Medical Emergency,2023-11-19,2023-12-07,13:45:00,09:35:00,Denied,,,
SID20139016,Day Pass,Medical Emergency,2023-12-12,2023-12-12,12:07:00,12:07:00,Approved,On Hold,,
SID20145437,Day Pass,Salaar movie,2023-12-03,2023-12-03,10:06:00,10:06:00,Denied,,,
SID20137467,Home Pass,Medical Emergency,2023-11-23,2023-12-14,08:07:00,16:42:00,Pending,,,
SID20177814,Home Pass,General outing,2023-11-21,2023-12-21,11:18:00,13:13:00,Pending,,,
SID20138453,Home Pass,Eating food,2023-12-14,2023-12-25,10:49:00,14:53:00,Denied,,,
SID20134805,Day Pass,Salaar movie,2023-12-08,2023-12-08,18:58:00,18:58:00,Denied,,,
SID20189921,Day Pass,Going Home,2023-11-21,2023-11-21,18:13:00,18:13:00,Approved,On Hold,,
SID20188778,Day Pass,Eating food,2023-12-05,2023-12-05,10:24:00,10:24:00,Approved,On Hold,,
SID20134757,Day Pass,Medical Emergency,2023-11-21,2023-11-21,10:56:00,10:56:00,Denied,,,
SID20133626,Day Pass,General outing,2023-11-16,2023-11-16,16:14:00,16:14:00,Pending,,,
SID20134351,Home Pass,Going Home,2023-11-22,2023-11-25,11:04:00,17:43:00,Approved,On Hold,,
SID20133050,Home Pass,General outing,2023-12-10,2024-01-09,12:17:00,09:46:00,Denied,,,
SID20138246,Day Pass,Eating food,2023-11-24,2023-11-24,10:38:00,10:38:00,Pending,,,
SID20133690,Home Pass,Eating food,2023-12-03,2023-12-29,13:50:00,11:08:00,Denied,,,
SID20134384,Day Pass,Salaar movie,2023-11-24,2023-11-24,16:15:00,16:15:00,Pending,,,
SID20139009,Home Pass,General outing,2023-11-20,2023-12-07,16:58:00,15:51:00,Pending,,,
SID20138952,Day Pass,Going Home,2023-12-07,2023-12-07,11:40:00,11:40:00,Approved,Used,14:05:00,
SID20131603,Home Pass,Medical Emergency,2023-11-30,2023-12-16,14:34:00,13:40:00,Approved,Used,17:58:00,
SID20188686,Day Pass,Going Home,2023-11-30,2023-11-30,10:25:00,10:25:00,Denied,,,
SID20132012,Day Pass,General outing,2023-12-02,2023-12-02,08:05:00,08:05:00,Approved,Used,12:49:00,09:25:00
SID20137434,Day Pass,Medical Emergency,2023-11-28,2023-11-28,08:19:00,08:19:00,Denied,,,
SID20133955,Day Pass,Eating food,2023-11-21,2023-11-21,09:07:00,09:07:00,Approved,On Hold,,
SID20131862,Day Pass,Salaar movie,2023-12-12,2023-12-12,16:09:00,16:09:00,Pending,,,
SID20137973,Day Pass,General outing,2023-12-09,2023-12-09,09:47:00,09:47:00,Denied,,,
SID20183627,Day Pass,Going Home,2023-11-26,2023-11-26,09:12:00,09:12:00,Pending,,,
SID20137561,Home Pass,Going Home,2023-12-03,2024-01-01,16:27:00,08:33:00,Pending,,,
SID20139169,Home Pass,Medical Emergency,2023-11-18,2023-11-19,15:25:00,17:41:00,Denied,,,
SID20189949,Home Pass,Eating food,2023-11-24,2023-12-19,17:59:00,11:57:00,Denied,,,
SID20138939,Home Pass,Salaar movie,2023-11-28,2023-12-06,13:00:00,12:59:00,Pending,,,
SID20134601,Home Pass,Salaar movie,2023-12-06,2023-12-27,11:58:00,17:08:00,Pending,,,
SID20132422,Home Pass,Medical Emergency,2023-12-08,2023-12-10,16:18:00,15:54:00,Approved,Used,16:45:00,08:17:00
SID20189015,Day Pass,Salaar movie,2023-12-05,2023-12-05,15:34:00,15:34:00,Pending,,,
SID20134143,Day Pass,Going Home,2023-11-21,2023-11-21,11:20:00,11:20:00,Pending,,,
SID20136916,Day Pass,Salaar movie,2023-11-28,2023-11-28,17:10:00,17:10:00,Denied,,,
SID20133376,Home Pass,Medical Emergency,2023-11-24,2023-12-24,15:28:00,16:47:00,Approved,On Hold,,
SID20138452,Home Pass,Going Home,2023-12-13,2024-01-10,14:47:00,13:58:00,Pending,,,
SID20132744,Day Pass,Going Home,2023-11-23,2023-11-23,13:48:00,13:48:00,Denied,,,
SID20134563,Home Pass,Going Home,2023-11-22,2023-12-07,18:22:00,16:34:00,Approved,Used,10:52:00,
SID20188558,Day Pass,Medical Emergency,2023-12-12,2023-12-12,14:27:00,14:27:00,Denied,,,
SID20189040,Home Pass,Going Home,2023-12-08,2023-12-30,10:03:00,08:27:00,Approved,Used,10:34:00,18:29:00
SID20133872,Home Pass,Eating food,2023-11-29,2023-12-04,11:59:00,16:38:00,Denied,,,
SID20188476,Day Pass,Eating food,2023-12-11,2023-12-11,09:15:00,09:15:00,Pending,,,
SID20162375,Day Pass,Salaar movie,2023-12-02,2023-12-02,10:20:00,10:20:00,Approved,Used,14:14:00,
SID20133520,Home Pass,Eating food,2023-12-10,2024-01-04,18:03:00,16:09:00,Approved,On Hold,,
SID20132536,Home Pass,Salaar movie,2023-11-26,2023-12-18,15:35:00,17:17:00,Pending,,,
SID20132013,Day Pass,General outing,2023-12-05,2023-12-05,15:22:00,15:22:00,Approved,Used,17:59:00,
SID20136912,Day Pass,Salaar movie,2023-12-15,2023-12-15,17:43:00,17:43:00,Pending,,,
SID20138779,Day Pass,Going Home,2023-12-08,2023-12-08,18:50:00,18:50:00,Denied,,,
SID20189034,Day Pass,General outing,2023-12-07,2023-12-07,13:51:00,13:51:00,Denied,,,
SID20189575,Day Pass,Eating food,2023-11-29,2023-11-29,12:18:00,12:18:00,Pending,,,
SID20189170,Day Pass,Eating food,2023-11-30,2023-11-30,12:01:00,12:01:00,Pending,,,
SID20149692,Day Pass,Going Home,2023-11-30,2023-11-30,12:33:00,12:33:00,Denied,,,
SID20133325,Day Pass,General outing,2023-11-23,2023-11-23,14:04:00,14:04:00,Approved,Used,13:33:00,11:08:00
SID20137797,Day Pass,Eating food,2023-12-02,2023-12-02,08:13:00,08:13:00,Denied,,,
SID20189686,Home Pass,Going Home,2023-11-26,2023-12-25,15:29:00,14:43:00,Approved,On Hold,,
SID20133542,Home Pass,Salaar movie,2023-12-11,2023-12-19,15:42:00,14:38:00,Denied,,,
SID20134645,Day Pass,Medical Emergency,2023-12-07,2023-12-07,15:09:00,15:09:00,Approved,On Hold,,
SID20131754,Home Pass,Going Home,2023-12-05,2023-12-17,08:33:00,11:30:00,Denied,,,
SID20138442,Home Pass,Going Home,2023-12-12,2024-01-02,10:04:00,14:01:00,Approved,Used,16:40:00,09:50:00
SID20131331,Day Pass,Salaar movie,2023-12-09,2023-12-09,18:11:00,18:11:00,Denied,,,
SID20138594,Home Pass,Medical Emergency,2023-12-11,2023-12-24,16:57:00,14:34:00,Denied,,,
SID20187944,Day Pass,Medical Emergency,2023-12-11,2023-12-11,11:38:00,11:38:00,Approved,Used,11:26:00,
SID20137424,Day Pass,General outing,2023-12-03,2023-12-03,18:56:00,18:56:00,Approved,On Hold,,
SID20138933,Home Pass,Salaar movie,2023-11-18,2023-12-16,18:04:00,12:08:00,Pending,,,
SID20131171,Home Pass,Eating food,2023-12-07,2024-01-04,14:22:00,15:55:00,Pending,,,
SID20132304,Day Pass,Medical Emergency,2023-12-11,2023-12-11,08:22:00,08:22:00,Denied,,,
SID20132572,Day Pass,Salaar movie,2023-12-09,2023-12-09,09:44:00,09:44:00,Pending,,,
SID20131931,Home Pass,Eating food,2023-11-26,2023-12-18,08:04:00,18:42:00,Approved,On Hold,,
SID20137547,Home Pass,Medical Emergency,2023-11-23,2023-11-24,14:50:00,10:03:00,Pending,,,
SID20131978,Day Pass,Medical Emergency,2023-12-03,2023-12-03,16:14:00,16:14:00,Denied,,,
SID20133350,Home Pass,Eating food,2023-12-01,2023-12-26,14:11:00,18:32:00,Pending,,,
SID20133223,Home Pass,Medical Emergency,2023-11-20,2023-12-13,14:02:00,14:15:00,Pending,,,
SID20188819,Day Pass,General outing,2023-11-22,2023-11-22,18:26:00,18:26:00,Denied,,,
SID20131649,Home Pass,Going Home,2023-11-27,2023-12-12,17:47:00,14:46:00,Approved,Used,10:14:00,12:22:00
SID20132382,Day Pass,Medical Emergency,2023-11-24,2023-11-24,13:24:00,13:24:00,Denied,,,
SID20138259,Home Pass,Salaar movie,2023-11-26,2023-12-05,16:32:00,18:28:00,Pending,,,
SID20138394,Home Pass,Medical Emergency,2023-12-12,2023-12-24,13:57:00,17:31:00,Approved,On Hold,,
SID20133549,Day Pass,Going Home,2023-11-20,2023-11-20,17:45:00,17:45:00,Approved,On Hold,,
SID20134062,Home Pass,Eating food,2023-11-26,2023-12-11,18:21:00,12:46:00,Denied,,,
SID20136814,Home Pass,Eating food,2023-11-22,2023-12-05,08:31:00,16:43:00,Approved,On Hold,,
SID20135339,Home Pass,General outing,2023-12-11,2024-01-06,11:59:00,14:44:00,Pending,,,
SID20137236,Home Pass,Salaar movie,2023-12-12,2023-12-15,18:01:00,16:13:00,Denied,,,
SID20188046,Home Pass,General outing,2023-11-17,2023-12-03,14:25:00,16:38:00,Pending,,,
SID20188361,Day Pass,Salaar movie,2023-12-07,2023-12-07,09:37:00,09:37:00,Approved,On Hold,,
SID20138945,Day Pass,Going Home,2023-12-11,2023-12-11,17:57:00,17:57:00,Pending,,,
SID20133506,Day Pass,Medical Emergency,2023-12-08,2023-12-08,08:46:00,08:46:00,Denied,,,
SID20188659,Home Pass,Salaar movie,2023-12-03,2023-12-09,13:41:00,12:19:00,Pending,,,
SID20188938,Home Pass,Salaar movie,2023-12-07,2024-01-04,18:48:00,09:25:00,Approved,On Hold,,
SID20136751,Home Pass,General outing,2023-11-18,2023-12-16,13:19:00,15:30:00,Denied,,,
SID20136796,Day Pass,Medical Emergency,2023-11-24,2023-11-24,15:06:00,15:06:00,Approved,Used,14:02:00,
SID20135211,Home Pass,Going Home,2023-12-05,2024-01-01,12:21:00,17:40:00,Denied,,,
SID20185106,Day Pass,Eating food,2023-12-03,2023-12-03,14:33:00,14:33:00,Denied,,,
SID20148321,Day Pass,Going Home,2023-12-03,2023-12-03,12:01:00,12:01:00,Denied,,,
SID20132369,Home Pass,Going Home,2023-12-05,2023-12-27,14:43:00,12:21:00,Approved,Used,15:04:00,16:25:00
SID20189915,Day Pass,Eating food,2023-12-15,2023-12-15,14:10:00,14:10:00,Denied,,,
SID20132095,Day Pass,Medical Emergency,2023-12-05,2023-12-05,14:32:00,14:32:00,Denied,,,
SID20189312,Home Pass,Medical Emergency,2023-11-23,2023-11-26,08:25:00,13:10:00,Denied,,,
SID20138208,Home Pass,Eating food,2023-11-18,2023-12-04,17:55:00,08:42:00,Pending,,,
SID20133068,Home Pass,Medical Emergency,2023-12-05,2023-12-18,11:34:00,18:43:00,Pending,,,
SID20137137,Day Pass,Salaar movie,2023-11-20,2023-11-20,17:46:00,17:46:00,Denied,,,
SID20138514,Home Pass,Eating food,2023-11-23,2023-12-21,11:51:00,13:07:00,Pending,,,
SID20188515,Home Pass,Salaar movie,2023-12-10,2023-12-22,09:09:00,14:31:00,Denied,,,
SID20139101,Home Pass,Going Home,2023-12-03,2023-12-16,16:51:00,18:59:00,Denied,,,
SID20134830,Home Pass,Eating food,2023-12-10,2023-12-18,17:25:00,13:15:00,Pending,,,
SID20134007,Home Pass,Eating food,2023-11-21,2023-11-28,16:00:00,14:57:00,Denied,,,
SID20133286,Day Pass,General outing,2023-12-15,2023-12-15,16:07:00,16:07:00,Pending,,,
SID20184178,Day Pass,Medical Emergency,2023-12-02,2023-12-02,16:29:00,16:29:00,Denied,,,
SID20137187,Home Pass,Salaar movie,2023-12-11,2024-01-07,14:54:00,09:20:00,Approved,On Hold,,
SID20133226,Home Pass,Eating food,2023-11-17,2023-11-23,09:15:00,08:34:00,Approved,Used,12:27:00,18:24:00
SID20132356,Home Pass,Salaar movie,2023-11-18,2023-12-01,18:18:00,18:07:00,Pending,,,
SID20137809,Home Pass,Going Home,2023-11-30,2023-12-24,16:33:00,16:17:00,Pending,,,
SID20134504,Home Pass,Medical Emergency,2023-12-10,2023-12-16,16:37:00,12:53:00,Approved,On Hold,,
SID20136705,Day Pass,Going Home,2023-11-29,2023-11-29,14:49:00,14:49:00,Approved,On Hold,,
SID20135280,Home Pass,Eating food,2023-11-27,2023-12-02,17:41:00,16:09:00,Denied,,,
SID20133467,Day Pass,General outing,2023-11-30,2023-11-30,15:23:00,15:23:00,Pending,,,
SID20189376,Day Pass,Medical Emergency,2023-11-30,2023-11-30,10:09:00,10:09:00,Approved,On Hold,,
SID20138866,Day Pass,Medical Emergency,2023-12-15,2023-12-15,14:37:00,14:37:00,Pending,,,
SID20174766,Home Pass,Medical Emergency,2023-11-23,2023-12-11,16:50:00,12:15:00,Approved,On Hold,,
SID20131151,Home Pass,Medical Emergency,2023-11-30,2023-12-21,11:40:00,14:56:00,Approved,Used,09:29:00,
SID20136876,Home Pass,Salaar movie,2023-12-09,2023-12-31,11:35:00,11:49:00,Pending,,,
SID20133442,Home Pass,Medical Emergency,2023-11-29,2023-12-17,15:53:00,17:11:00,Pending,,,
SID20189154,Home Pass,General outing,2023-12-13,2024-01-01,08:57:00,14:20:00,Denied,,,
SID20131278,Day Pass,Going Home,2023-11-24,2023-11-24,09:14:00,09:14:00,Pending,,,
SID20189542,Home Pass,Medical Emergency,2023-11-30,2023-12-14,15:27:00,12:03:00,Denied,,,
SID20138845,Day Pass,General outing,2023-12-13,2023-12-13,16:56:00,16:56:00,Approved,Used,16:06:00,17:32:00
SID20134923,Day Pass,Medical Emergency,2023-11-28,2023-11-28,14:43:00,14:43:00,Pending,,,
SID20189858,Home Pass,Salaar movie,2023-11-27,2023-12-16,14:44:00,09:34:00,Approved,On Hold,,
SID20138022,Home Pass,Eating food,2023-11-16,2023-11-21,10:14:00,18:36:00,Approved,On Hold,,
SID20188545,Day Pass,General outing,2023-11-19,2023-11-19,12:11:00,12:11:00,Approved,Used,12:01:00,18:44:00
SID20133486,Day Pass,Eating food,2023-12-03,2023-12-03,14:31:00,14:31:00,Pending,,,
SID20132672,Day Pass,Medical Emergency,2023-12-13,2023-12-13,12:19:00,12:19:00,Denied,,,
SID20131501,Home Pass,General outing,2023-11-23,2023-12-22,13:54:00,18:05:00,Approved,On Hold,,
SID20175601,Home Pass,Going Home,2023-11-25,2023-11-28,17:06:00,08:08:00,Pending,,,
SID20131675,Day Pass,Going Home,2023-11-16,2023-11-16,10:48:00,10:48:00,Denied,,,
SID20178116,Day Pass,Eating food,2023-12-11,2023-12-11,10:43:00,10:43:00,Approved,On Hold,,
SID20189892,Home Pass,Going Home,2023-12-01,2023-12-15,17:39:00,12:18:00,Denied,,,
SID20189725,Home Pass,Eating food,2023-12-11,2023-12-14,10:52:00,16:35:00,Denied,,,
SID20133342,Day Pass,Medical Emergency,2023-12-15,2023-12-15,16:02:00,16:02:00,Denied,,,
SID20189329,Day Pass,Going Home,2023-11-23,2023-11-23,10:24:00,10:24:00,Denied,,,
SID20136833,Home Pass,Going Home,2023-12-03,2023-12-08,14:27:00,08:35:00,Pending,,,
SID20169407,Home Pass,General outing,2023-11-19,2023-12-08,18:43:00,17:45:00,Pending,,,
SID20134428,Home Pass,Medical Emergency,2023-12-07,2024-01-04,13:24:00,11:51:00,Approved,Used,09:29:00,12:49:00
SID20131946,Home Pass,Going Home,2023-11-26,2023-12-02,13:52:00,15:47:00,Pending,,,
SID20131184,Home Pass,Salaar movie,2023-12-03,2024-01-02,13:43:00,11:55:00,Pending,,,
SID20132211,Day Pass,Going Home,2023-12-02,2023-12-02,10:17:00,10:17:00,Denied,,,
SID20132766,Day Pass,Medical Emergency,2023-12-01,2023-12-01,10:55:00,10:55:00,Approved,On Hold,,
SID20132388,Home Pass,General outing,2023-12-07,2023-12-28,09:43:00,11:45:00,Pending,,,
SID20138486,Home Pass,Eating food,2023-11-23,2023-11-28,09:37:00,08:26:00,Denied,,,
SID20188500,Day Pass,Going Home,2023-12-15,2023-12-15,08:31:00,08:31:00,Pending,,,
SID20136788,Day Pass,Medical Emergency,2023-11-25,2023-11-25,10:46:00,10:46:00,Pending,,,
SID20134363,Day Pass,Going Home,2023-12-10,2023-12-10,08:56:00,08:56:00,Denied,,,
SID20188791,Day Pass,Medical Emergency,2023-12-07,2023-12-07,17:29:00,17:29:00,Pending,,,
SID20133809,Home Pass,Going Home,2023-11-23,2023-11-30,09:50:00,09:31:00,Pending,,,
SID20138501,Home Pass,Going Home,2023-12-01,2023-12-04,12:30:00,16:54:00,Approved,Used,17:55:00,17:08:00
SID20135166,Home Pass,Eating food,2023-12-12,2023-12-14,15:53:00,09:43:00,Approved,Used,15:20:00,09:26:00
SID20189890,Home Pass,Medical Emergency,2023-11-21,2023-12-16,11:51:00,13:02:00,Denied,,,
SID20133222,Day Pass,Salaar movie,2023-11-17,2023-11-17,12:14:00,12:14:00,Pending,,,
SID20131703,Day Pass,Eating food,2023-11-27,2023-11-27,12:02:00,12:02:00,Pending,,,
SID20136094,Home Pass,Medical Emergency,2023-11-16,2023-11-19,10:12:00,15:27:00,Denied,,,
SID20189917,Home Pass,Eating food,2023-12-06,2023-12-27,14:27:00,09:30:00,Pending,,,
SID20135169,Day Pass,Eating food,2023-12-09,2023-12-09,08:56:00,08:56:00,Denied,,,
SID20189630,Home Pass,Eating food,2023-11-28,2023-12-23,16:52:00,18:24:00,Approved,On Hold,,
SID20188111,Day Pass,Eating food,2023-12-04,2023-12-04,11:42:00,11:42:00,Denied,,,
SID20131889,Day Pass,Medical Emergency,2023-12-04,2023-12-04,15:23:00,15:23:00,Approved,On Hold,,
SID20171686,Day Pass,Eating food,2023-11-16,2023-11-16,14:17:00,14:17:00,Pending,,,
SID20131314,Day Pass,Going Home,2023-11-21,2023-11-21,10:27:00,10:27:00,Denied,,,
SID20134870,Day Pass,Going Home,2023-12-10,2023-12-10,17:04:00,17:04:00,Denied,,,
SID20189684,Home Pass,General outing,2023-12-02,2023-12-25,15:22:00,10:33:00,Approved,On Hold,,
SID20135377,Day Pass,Salaar movie,2023-12-01,2023-12-01,11:41:00,11:41:00,Denied,,,
SID20137365,Day Pass,Going Home,2023-11-19,2023-11-19,14:37:00,14:37:00,Denied,,,
SID20136800,Home Pass,Salaar movie,2023-11-21,2023-12-14,13:48:00,11:06:00,Pending,,,
SID20138449,Day Pass,Salaar movie,2023-11-23,2023-11-23,18:31:00,18:31:00,Approved,Used,16:39:00,13:58:00
SID20135261,Day Pass,Salaar movie,2023-11-20,2023-11-20,14:16:00,14:16:00,Denied,,,
SID20131800,Home Pass,Going Home,2023-11-23,2023-12-18,17:50:00,10:04:00,Approved,On Hold,,
SID20135298,Home Pass,Eating food,2023-12-06,2024-01-02,10:07:00,14:43:00,Pending,,,
SID20133731,Home Pass,Salaar movie,2023-11-19,2023-12-11,10:43:00,09:57:00,Denied,,,
SID20139134,Day Pass,General outing,2023-12-12,2023-12-12,18:16:00,18:16:00,Approved,Used,11:16:00,
SID20189982,Day Pass,Going Home,2023-11-22,2023-11-22,18:05:00,18:05:00,Denied,,,
SID20132136,Day Pass,Salaar movie,2023-11-18,2023-11-18,16:46:00,16:46:00,Denied,,,
SID20134214,Home Pass,Going Home,2023-11-30,2023-12-03,18:56:00,11:06:00,Pending,,,
SID20134979,Home Pass,Salaar movie,2023-11-29,2023-12-20,16:05:00,12:46:00,Denied,,,
SID20137385,Home Pass,Eating food,2023-12-07,2023-12-21,18:45:00,16:42:00,Denied,,,
SID20135098,Day Pass,Salaar movie,2023-12-07,2023-12-07,08:06:00,08:06:00,Denied,,,
SID20131420,Home Pass,Eating food,2023-11-30,2023-12-25,09:26:00,17:42:00,Denied,,,
SID20134829,Day Pass,General outing,2023-12-15,2023-12-15,18:16:00,18:16:00,Denied,,,
SID20188071,Home Pass,Medical Emergency,2023-12-12,2024-01-02,08:10:00,16:21:00,Approved,On Hold,,
SID20132371,Day Pass,Salaar movie,2023-11-22,2023-11-22,11:26:00,11:26:00,Approved,On Hold,,
SID20188964,Day Pass,General outing,2023-12-01,2023-12-01,08:30:00,08:30:00,Denied,,,
SID20132894,Day Pass,Eating food,2023-12-13,2023-12-13,18:50:00,18:50:00,Denied,,,
SID20138349,Day Pass,Eating food,2023-11-24,2023-11-24,08:01:00,08:01:00,Pending,,,
SID20133005,Home Pass,General outing,2023-11-16,2023-11-21,16:16:00,15:58:00,Approved,On Hold,,
SID20133435,Day Pass,Salaar movie,2023-12-04,2023-12-04,11:03:00,11:03:00,Pending,,,
SID20132171,Home Pass,Medical Emergency,2023-12-02,2023-12-04,13:22:00,15:47:00,Denied,,,
SID20134602,Day Pass,Salaar movie,2023-11-17,2023-11-17,13:08:00,13:08:00,Pending,,,
SID20189847,Day Pass,Salaar movie,2023-11-21,2023-11-21,11:44:00,11:44:00,Denied,,,
SID20137865,Day Pass,General outing,2023-12-15,2023-12-15,18:49:00,18:49:00,Denied,,,
SID20187906,Home Pass,Going Home,2023-11-26,2023-12-22,11:30:00,13:12:00,Approved,Used,08:05:00,
SID20188081,Home Pass,Going Home,2023-12-13,2023-12-15,13:04:00,09:56:00,Pending,,,
SID20131826,Home Pass,Salaar movie,2023-11-16,2023-11-22,18:49:00,16:44:00,Denied,,,
SID20138432,Home Pass,Medical Emergency,2023-12-12,2024-01-04,12:26:00,14:25:00,Denied,,,
SID20131823,Home Pass,General outing,2023-11-27,2023-12-03,15:12:00,08:05:00,Approved,Used,16:54:00,
SID20133618,Home Pass,Salaar movie,2023-11-19,2023-11-29,13:46:00,08:16:00,Approved,On Hold,,
SID20131998,Home Pass,Medical Emergency,2023-12-02,2023-12-03,08:50:00,12:58:00,Approved,On Hold,,
SID20133282,Home Pass,Going Home,2023-11-26,2023-12-05,13:45:00,08:57:00,Denied,,,
SID20135072,Home Pass,Going Home,2023-11-25,2023-12-20,08:34:00,10:40:00,Pending,,,
SID20166518,Day Pass,Medical Emergency,2023-11-21,2023-11-21,13:41:00,13:41:00,Denied,,,
SID20135282,Day Pass,Going Home,2023-11-20,2023-11-20,15:57:00,15:57:00,Pending,,,
SID20171730,Day Pass,Salaar movie,2023-12-06,2023-12-06,10:02:00,10:02:00,Denied,,,
SID20132838,Day Pass,Eating food,2023-12-08,2023-12-08,13:42:00,13:42:00,Pending,,,
SID20134421,Home Pass,Medical Emergency,2023-11-27,2023-12-22,12:43:00,15:14:00,Denied,,,
SID20189411,Home Pass,Medical Emergency,2023-12-15,2023-12-24,13:06:00,14:34:00,Pending,,,
SID20133756,Home Pass,Medical Emergency,2023-12-07,2024-01-04,17:12:00,18:01:00,Approved,Used,11:43:00,11:33:00
SID20134703,Home Pass,General outing,2023-12-04,2023-12-20,11:58:00,08:19:00,Denied,,,
SID20137174,Day Pass,Going Home,2023-12-12,2023-12-12,17:09:00,17:09:00,Approved,Used,08:01:00,
SID20188086,Home Pass,Salaar movie,2023-11-28,2023-12-04,16:01:00,11:19:00,Pending,,,
SID20133390,Home Pass,Medical Emergency,2023-11-30,2023-12-09,10:40:00,17:09:00,Pending,,,
SID20188743,Day Pass,General outing,2023-11-25,2023-11-25,11:27:00,11:27:00,Denied,,,
SID20131834,Day Pass,Eating food,2023-12-05,2023-12-05,11:40:00,11:40:00,Approved,On Hold,,
SID20133123,Day Pass,Salaar movie,2023-11-30,2023-11-30,09:11:00,09:11:00,Approved,On Hold,,
SID20185879,Day Pass,Medical Emergency,2023-12-03,2023-12-03,10:15:00,10:15:00,Pending,,,
SID20131143,Day Pass,Eating food,2023-12-03,2023-12-03,11:05:00,11:05:00,Denied,,,
SID20189878,Home Pass,Eating food,2023-12-13,2023-12-26,12:31:00,18:28:00,Denied,,,
SID20131851,Home Pass,Salaar movie,2023-11-24,2023-11-26,16:49:00,16:08:00,Pending,,,
SID20138510,Day Pass,Salaar movie,2023-12-02,2023-12-02,17:53:00,17:53:00,Denied,,,
SID20189267,Day Pass,Medical Emergency,2023-11-23,2023-11-23,09:37:00,09:37:00,Approved,On Hold,,
SID20138886,Day Pass,Eating food,2023-11-19,2023-11-19,14:28:00,14:28:00,Denied,,,
SID20139106,Home Pass,Going Home,2023-11-29,2023-12-25,11:07:00,15:49:00,Approved,On Hold,,
SID20131433,Home Pass,Going Home,2023-12-08,2023-12-29,15:51:00,13:45:00,Denied,,,
SID20131767,Day Pass,Eating food,2023-12-13,2023-12-13,11:42:00,11:42:00,Pending,,,
SID20188490,Home Pass,Going Home,2023-11-25,2023-12-25,12:32:00,15:05:00,Pending,,,
SID20137461,Home Pass,Going Home,2023-11-16,2023-12-16,10:38:00,13:25:00,Approved,On Hold,,
SID20138788,Day Pass,Salaar movie,2023-12-06,2023-12-06,16:16:00,16:16:00,Approved,On Hold,,
SID20188319,Home Pass,Medical Emergency,2023-11-29,2023-12-09,09:36:00,13:20:00,Denied,,,
SID20189700,Day Pass,Medical Emergency,2023-11-25,2023-11-25,11:55:00,11:55:00,Approved,On Hold,,
SID20188653,Home Pass,Going Home,2023-12-04,2023-12-23,17:03:00,14:29:00,Pending,,,
SID20134240,Day Pass,Going Home,2023-12-06,2023-12-06,14:59:00,14:59:00,Pending,,,
SID20138509,Home Pass,Salaar movie,2023-12-09,2023-12-26,11:48:00,15:42:00,Pending,,,
SID20137931,Day Pass,Salaar movie,2023-12-01,2023-12-01,13:13:00,13:13:00,Denied,,,
SID20188678,Home Pass,Salaar movie,2023-12-04,2023-12-25,09:47:00,11:15:00,Pending,,,
SID20134899,Home Pass,Salaar movie,2023-11-27,2023-12-14,16:20:00,14:16:00,Pending,,,
SID20189909,Home Pass,Salaar movie,2023-11-16,2023-11-23,09:22:00,09:18:00,Denied,,,
SID20143341,Day Pass,Going Home,2023-11-23,2023-11-23,15:16:00,15:16:00,Approved,On Hold,,
SID20132852,Home Pass,Salaar movie,2023-11-29,2023-12-03,15:59:00,13:20:00,Pending,,,
SID20133758,Home Pass,General outing,2023-12-07,2023-12-14,15:33:00,14:53:00,Pending,,,
SID20131191,Home Pass,General outing,2023-11-17,2023-12-11,13:04:00,11:04:00,Denied,,,
SID20151268,Home Pass,Eating food,2023-12-05,2023-12-13,13:07:00,08:06:00,Approved,On Hold,,
SID20189863,Day Pass,Going Home,2023-11-23,2023-11-23,16:46:00,16:46:00,Denied,,,
SID20132193,Day Pass,Medical Emergency,2023-12-04,2023-12-04,14:33:00,14:33:00,Denied,,,
SID20138204,Home Pass,Salaar movie,2023-12-02,2023-12-10,13:12:00,10:04:00,Pending,,,
SID20164982,Home Pass,Eating food,2023-11-26,2023-12-08,11:24:00,09:54:00,Approved,Used,17:12:00,
SID20189720,Day Pass,Salaar movie,2023-11-29,2023-11-29,16:58:00,16:58:00,Denied,,,
SID20133204,Day Pass,Eating food,2023-12-10,2023-12-10,16:04:00,16:04:00,Approved,Used,08:22:00,12:36:00
SID20133306,Home Pass,Medical Emergency,2023-11-28,2023-12-21,13:59:00,18:47:00,Approved,Used,17:29:00,
SID20134227,Home Pass,Going Home,2023-12-02,2023-12-24,11:08:00,12:28:00,Denied,,,
SID20135020,Home Pass,Going Home,2023-11-26,2023-12-23,09:36:00,15:53:00,Denied,,,
SID20135122,Home Pass,Salaar movie,2023-12-02,2023-12-11,09:37:00,17:56:00,Approved,On Hold,,
SID20173236,Day Pass,Eating food,2023-11-25,2023-11-25,18:23:00,18:23:00,Pending,,,
SID20132664,Day Pass,Salaar movie,2023-11-20,2023-11-20,11:46:00,11:46:00,Denied,,,
SID20132513,Home Pass,Salaar movie,2023-12-13,2024-01-03,11:05:00,10:36:00,Approved,Used,09:10:00,18:48:00
SID20135226,Home Pass,Salaar movie,2023-11-30,2023-12-11,10:25:00,13:51:00,Denied,,,
SID20134333,Day Pass,Eating food,2023-11-25,2023-11-25,17:54:00,17:54:00,Denied,,,
SID20133932,Home Pass,Going Home,2023-12-05,2023-12-30,18:26:00,17:15:00,Denied,,,
SID20188197,Home Pass,Going Home,2023-11-19,2023-12-09,14:39:00,16:13:00,Pending,,,
SID20188910,Home Pass,Medical Emergency,2023-12-04,2023-12-11,13:00:00,09:42:00,Pending,,,
SID20133211,Home Pass,Eating food,2023-11-23,2023-11-24,14:00:00,09:35:00,Approved,Used,09:59:00,09:32:00
SID20188962,Home Pass,Salaar movie,2023-11-18,2023-11-19,14:34:00,17:03:00,Approved,On Hold,,
SID20137032,Home Pass,Eating food,2023-11-26,2023-12-14,11:55:00,11:17:00,Denied,,,
SID20135178,Day Pass,Eating food,2023-11-25,2023-11-25,14:42:00,14:42:00,Pending,,,
SID20138039,Day Pass,Going Home,2023-11-28,2023-11-28,13:34:00,13:34:00,Approved,Used,12:18:00,16:12:00
SID20138684,Day Pass,Medical Emergency,2023-11-28,2023-11-28,14:48:00,14:48:00,Denied,,,
SID20135142,Home Pass,Salaar movie,2023-11-23,2023-12-03,09:50:00,18:01:00,Pending,,,
SID20133797,Home Pass,General outing,2023-11-21,2023-12-08,14:51:00,12:42:00,Approved,Used,08:51:00,17:39:00
SID20137140,Home Pass,Eating food,2023-11-29,2023-12-07,08:27:00,14:42:00,Pending,,,
SID20189294,Home Pass,Salaar movie,2023-11-18,2023-12-02,12:27:00,17:55:00,Denied,,,
SID20133911,Home Pass,General outing,2023-11-18,2023-11-27,18:43:00,09:33:00,Approved,On Hold,,
SID20152770,Day Pass,Going Home,2023-12-01,2023-12-01,17:57:00,17:57:00,Denied,,,
SID20137360,Day Pass,General outing,2023-12-14,2023-12-14,14:41:00,14:41:00,Denied,,,
SID20183635,Home Pass,Salaar movie,2023-12-11,2023-12-12,14:54:00,13:28:00,Approved,On Hold,,
SID20138640,Day Pass,Medical Emergency,2023-12-10,2023-12-10,16:49:00,16:49:00,Approved,Used,11:46:00,18:26:00
SID20133854,Day Pass,Salaar movie,2023-11-21,2023-11-21,13:17:00,13:17:00,Denied,,,
SID20132911,Home Pass,Medical Emergency,2023-11-24,2023-12-23,08:00:00,16:36:00,Denied,,,
SID20189664,Home Pass,Eating food,2023-11-21,2023-12-06,18:27:00,11:16:00,Denied,,,
SID20137574,Day Pass,General outing,2023-11-26,2023-11-26,16:20:00,16:20:00,Approved,On Hold,,
SID20131529,Day Pass,Eating food,2023-12-03,2023-12-03,08:08:00,08:08:00,Approved,On Hold,,
SID20135154,Home Pass,Medical Emergency,2023-11-16,2023-11-22,18:37:00,10:11:00,Denied,,,
SID20137992,Day Pass,Salaar movie,2023-11-20,2023-11-20,13:02:00,13:02:00,Approved,Used,12:02:00,08:59:00
SID20137312,Home Pass,Medical Emergency,2023-12-12,2024-01-04,14:22:00,12:19:00,Denied,,,
SID20133385,Home Pass,Eating food,2023-11-19,2023-12-10,13:51:00,18:09:00,Denied,,,
SID20137763,Home Pass,Medical Emergency,2023-12-05,2023-12-12,13:45:00,13:46:00,Pending,,,
SID20132579,Day Pass,General outing,2023-12-14,2023-12-14,13:04:00,13:04:00,Pending,,,
SID20138558,Day Pass,Medical Emergency,2023-12-10,2023-12-10,14:41:00,14:41:00,Denied,,,
SID20138144,Home Pass,Going Home,2023-12-10,2024-01-09,08:46:00,10:06:00,Approved,Used,10:34:00,13:30:00
SID20174037,Home Pass,Salaar movie,2023-12-05,2023-12-12,12:03:00,18:16:00,Pending,,,
SID20138503,Day Pass,Salaar movie,2023-12-02,2023-12-02,15:00:00,15:00:00,Approved,On Hold,,
SID20137485,Home Pass,Going Home,2023-12-15,2023-12-28,11:27:00,16:54:00,Pending,,,
SID20185072,Day Pass,Eating food,2023-11-20,2023-11-20,11:52:00,11:52:00,Approved,Used,13:33:00,
SID20137396,Day Pass,Eating food,2023-11-20,2023-11-20,18:46:00,18:46:00,Denied,,,
SID20135890,Home Pass,Salaar movie,2023-12-08,2023-12-12,09:54:00,17:34:00,Denied,,,
SID20134581,Day Pass,Going Home,2023-12-13,2023-12-13,14:43:00,14:43:00,Denied,,,
SID20131618,Day Pass,Eating food,2023-12-12,2023-12-12,12:54:00,12:54:00,Denied,,,
SID20138433,Day Pass,Eating food,2023-11-24,2023-11-24,11:54:00,11:54:00,Pending,,,
SID20134161,Home Pass,Salaar movie,2023-11-26,2023-12-06,14:41:00,14:11:00,Pending,,,
SID20133276,Day Pass,Salaar movie,2023-12-06,2023-12-06,15:36:00,15:36:00,Pending,,,
SID20134891,Day Pass,Medical Emergency,2023-12-07,2023-12-07,10:16:00,10:16:00,Denied,,,
SID20133235,Home Pass,Medical Emergency,2023-11-24,2023-12-10,16:16:00,13:08:00,Pending,,,
SID20137042,Day Pass,Medical Emergency,2023-11-18,2023-11-18,12:08:00,12:08:00,Denied,,,
SID20177977,Home Pass,Salaar movie,2023-11-20,2023-11-21,13:48:00,10:58:00,Pending,,,
SID20138867,Home Pass,Going Home,2023-11-22,2023-12-08,17:21:00,17:02:00,Denied,,,
SID20184238,Day Pass,Salaar movie,2023-12-10,2023-12-10,08:00:00,08:00:00,Approved,On Hold,,
SID20138156,Home Pass,General outing,2023-12-14,2024-01-06,15:45:00,15:38:00,Denied,,,
SID20134424,Day Pass,General outing,2023-11-16,2023-11-16,09:48:00,09:48:00,Pending,,,
SID20188321,Home Pass,Going Home,2023-11-27,2023-12-14,09:49:00,10:20:00,Pending,,,
SID20187973,Home Pass,General outing,2023-11-16,2023-11-29,13:11:00,08:51:00,Approved,On Hold,,
SID20133719,Day Pass,Medical Emergency,2023-11-28,2023-11-28,18:55:00,18:55:00,Denied,,,
SID20134828,Day Pass,Going Home,2023-12-03,2023-12-03,08:21:00,08:21:00,Pending,,,
SID20161408,Home Pass,General outing,2023-11-16,2023-11-25,14:15:00,10:57:00,Approved,Used,13:37:00,
SID20188402,Home Pass,Eating food,2023-12-04,2023-12-28,14:14:00,15:54:00,Pending,,,
SID20133819,Home Pass,Going Home,2023-11-18,2023-11-23,11:14:00,18:07:00,Pending,,,
SID20137097,Day Pass,Salaar movie,2023-12-06,2023-12-06,11:52:00,11:52:00,Pending,,,
SID20134178,Home Pass,Salaar movie,2023-12-10,2024-01-01,12:38:00,14:31:00,Denied,,,
SID20132360,Home Pass,Eating food,2023-11-26,2023-12-11,13:19:00,18:19:00,Pending,,,
SID20175986,Day Pass,Medical Emergency,2023-11-18,2023-11-18,09:19:00,09:19:00,Denied,,,
SID20134491,Day Pass,General outing,2023-11-28,2023-11-28,17:10:00,17:10:00,Pending,,,
SID20135405,Day Pass,Going Home,2023-11-19,2023-11-19,12:05:00,12:05:00,Denied,,,
SID20137152,Day Pass,Salaar movie,2023-12-11,2023-12-11,09:02:00,09:02:00,Pending,,,
SID20188285,Day Pass,Going Home,2023-11-16,2023-11-16,16:03:00,16:03:00,Denied,,,
SID20136752,Home Pass,Medical Emergency,2023-11-23,2023-12-11,17:24:00,08:35:00,Denied,,,
SID20132839,Home Pass,General outing,2023-11-28,2023-11-30,12:27:00,16:01:00,Pending,,,
SID20132137,Home Pass,Salaar movie,2023-11-29,2023-12-04,08:59:00,17:39:00,Pending,,,
SID20189718,Home Pass,Medical Emergency,2023-12-01,2023-12-26,15:16:00,14:07:00,Denied,,,
SID20137166,Day Pass,General outing,2023-11-17,2023-11-17,12:24:00,12:24:00,Denied,,,
SID20133308,Home Pass,Salaar movie,2023-12-01,2023-12-30,13:24:00,14:31:00,Approved,Used,10:37:00,13:17:00
SID20137844,Day Pass,Going Home,2023-11-17,2023-11-17,12:03:00,12:03:00,Approved,Used,12:23:00,16:01:00
SID20137336,Home Pass,Salaar movie,2023-11-22,2023-12-20,13:07:00,09:55:00,Approved,On Hold,,
SID20179451,Day Pass,Eating food,2023-11-17,2023-11-17,08:15:00,08:15:00,Denied,,,
SID20189682,Home Pass,General outing,2023-11-16,2023-11-17,08:43:00,12:32:00,Denied,,,
SID20134820,Day Pass,Medical Emergency,2023-11-29,2023-11-29,10:22:00,10:22:00,Pending,,,
SID20134538,Home Pass,Going Home,2023-11-29,2023-12-22,17:36:00,11:14:00,Denied,,,
SID20138520,Day Pass,Eating food,2023-11-24,2023-11-24,10:38:00,10:38:00,Pending,,,
SID20189443,Day Pass,General outing,2023-12-12,2023-12-12,15:08:00,15:08:00,Denied,,,
SID20158525,Home Pass,General outing,2023-12-05,2023-12-19,09:18:00,13:54:00,Pending,,,
SID20131189,Day Pass,General outing,2023-11-25,2023-11-25,17:38:00,17:38:00,Denied,,,
SID20138440,Home Pass,Medical Emergency,2023-11-19,2023-12-19,13:56:00,15:23:00,Approved,On Hold,,
SID20134761,Day Pass,Medical Emergency,2023-12-13,2023-12-13,11:49:00,11:49:00,Denied,,,
SID20132704,Home Pass,Salaar movie,2023-11-20,2023-11-26,17:14:00,09:20:00,Denied,,,
SID20188464,Day Pass,Eating food,2023-12-04,2023-12-04,14:07:00,14:07:00,Pending,,,
SID20136208,Home Pass,General outing,2023-11-26,2023-12-12,09:55:00,15:21:00,Approved,On Hold,,
SID20138475,Day Pass,Medical Emergency,2023-11-16,2023-11-16,13:38:00,13:38:00,Approved,Used,10:29:00,09:02:00
SID20137405,Day Pass,Eating food,2023-11-28,2023-11-28,13:26:00,13:26:00,Denied,,,
SID20189251,Home Pass,Eating food,2023-12-08,2023-12-28,12:48:00,15:02:00,Pending,,,
SID20138692,Home Pass,Salaar movie,2023-12-04,2023-12-30,11:13:00,12:52:00,Approved,On Hold,,
SID20138916,Day Pass,General outing,2023-12-11,2023-12-11,13:56:00,13:56:00,Approved,Used,16:57:00,17:39:00
SID20133729,Home Pass,Eating food,2023-12-08,2024-01-06,12:43:00,12:10:00,Pending,,,
SID20131943,Day Pass,Salaar movie,2023-12-13,2023-12-13,13:40:00,13:40:00,Approved,On Hold,,
SID20152254,Home Pass,General outing,2023-11-23,2023-12-06,13:03:00,12:14:00,Approved,Used,10:47:00,17:32:00
SID20132217,Day Pass,Eating food,2023-12-11,2023-12-11,15:26:00,15:26:00,Pending,,,
SID20133822,Home Pass,Going Home,2023-11-21,2023-12-04,15:10:00,18:32:00,Denied,,,
SID20131384,Home Pass,Going Home,2023-11-27,2023-12-11,15:08:00,11:14:00,Pending,,,
SID20188889,Day Pass,Going Home,2023-12-10,2023-12-10,14:05:00,14:05:00,Denied,,,
SID20132910,Home Pass,Salaar movie,2023-11-25,2023-12-18,18:47:00,13:43:00,Denied,,,
SID20131811,Home Pass,Going Home,2023-11-26,2023-12-10,16:20:00,08:26:00,Approved,Used,16:20:00,17:08:00
SID20189452,Day Pass,Going Home,2023-11-25,2023-11-25,14:57:00,14:57:00,Pending,,,
SID20131949,Day Pass,Eating food,2023-12-08,2023-12-08,10:17:00,10:17:00,Denied,,,
SID20134249,Day Pass,General outing,2023-12-12,2023-12-12,08:15:00,08:15:00,Pending,,,
SID20132258,Home Pass,General outing,2023-12-04,2023-12-07,10:43:00,13:37:00,Approved,On Hold,,
SID20136918,Home Pass,Salaar movie,2023-11-16,2023-11-30,14:30:00,13:42:00,Pending,,,
SID20137235,Day Pass,Eating food,2023-12-02,2023-12-02,12:56:00,12:56:00,Approved,On Hold,,
SID20132856,Home Pass,Going Home,2023-11-19,2023-11-25,13:53:00,09:31:00,Denied,,,
SID20132917,Home Pass,Medical Emergency,2023-11-21,2023-11-26,09:24:00,15:52:00,Pending,,,
SID20137275,Home Pass,Medical Emergency,2023-12-12,2023-12-30,10:54:00,18:15:00,Denied,,,
SID20134974,Day Pass,General outing,2023-11-24,2023-11-24,15:43:00,15:43:00,Denied,,,
SID20131438,Day Pass,Medical Emergency,2023-11-19,2023-11-19,14:45:00,14:45:00,Pending,,,
SID20167680,Home Pass,Medical Emergency,2023-12-11,2023-12-20,09:22:00,17:50:00,Pending,,,
SID20139028,Day Pass,General outing,2023-12-11,2023-12-11,13:40:00,13:40:00,Denied,,,
SID20137438,Day Pass,General outing,2023-12-12,2023-12-12,12:34:00,12:34:00,Pending,,,
SID20189757,Home Pass,Going Home,2023-12-10,2023-12-27,09:59:00,09:00:00,Approved,On Hold,,
SID20137868,Home Pass,Salaar movie,2023-12-12,2023-12-26,18:46:00,15:59:00,Denied,,,
SID20131874,Day Pass,Going Home,2023-12-01,2023-12-01,14:22:00,14:22:00,Approved,On Hold,,
SID20188040,Home Pass,Going Home,2023-11-18,2023-11-24,11:45:00,09:42:00,Pending,,,
SID20131535,Day Pass,Eating food,2023-12-10,2023-12-10,14:33:00,14:33:00,Denied,,,
SID20139170,Day Pass,Going Home,2023-11-25,2023-11-25,08:19:00,08:19:00,Denied,,,
SID20134198,Day Pass,Medical Emergency,2023-11-19,2023-11-19,18:10:00,18:10:00,Denied,,,
SID20138523,Home Pass,Salaar movie,2023-12-12,2024-01-05,08:41:00,15:36:00,Denied,,,
SID20137718,Day Pass,Medical Emergency,2023-11-21,2023-11-21,11:15:00,11:15:00,Approved,On Hold,,
SID20188786,Day Pass,Salaar movie,2023-12-01,2023-12-01,09:48:00,09:48:00,Pending,,,
SID20172371,Day Pass,Salaar movie,2023-12-09,2023-12-09,12:56:00,12:56:00,Denied,,,
SID20188067,Day Pass,Eating food,2023-12-12,2023-12-12,14:45:00,14:45:00,Denied,,,
SID20182466,Home Pass,General outing,2023-12-04,2023-12-31,13:21:00,12:14:00,Approved,Used,18:17:00,13:31:00
SID20133111,Day Pass,General outing,2023-11-18,2023-11-18,15:48:00,15:48:00,Pending,,,
SID20138360,Home Pass,Salaar movie,2023-12-12,2024-01-01,11:15:00,15:30:00,Denied,,,
SID20138696,Day Pass,Going Home,2023-12-09,2023-12-09,11:55:00,11:55:00,Denied,,,
SID20131443,Home Pass,Eating food,2023-11-20,2023-12-20,17:33:00,18:50:00,Denied,,,
SID20188307,Home Pass,Going Home,2023-12-07,2023-12-20,18:37:00,10:18:00,Denied,,,
SID20132884,Day Pass,Going Home,2023-12-01,2023-12-01,18:31:00,18:31:00,Denied,,,
SID20134637,Home Pass,General outing,2023-12-13,2023-12-22,14:37:00,08:16:00,Denied,,,
SID20188474,Day Pass,Medical Emergency,2023-11-21,2023-11-21,13:26:00,13:26:00,Pending,,,
SID20135023,Day Pass,Salaar movie,2023-11-18,2023-11-18,13:38:00,13:38:00,Pending,,,
SID20188203,Home Pass,Going Home,2023-11-25,2023-12-22,17:30:00,10:48:00,Denied,,,
SID20189244,Home Pass,Salaar movie,2023-11-26,2023-12-24,16:00:00,14:48:00,Pending,,,
SID20135291,Home Pass,Going Home,2023-12-02,2023-12-05,13:37:00,16:14:00,Denied,,,
SID20138918,Home Pass,General outing,2023-11-19,2023-12-01,18:35:00,15:06:00,Approved,On Hold,,
SID20137649,Home Pass,Going Home,2023-11-29,2023-12-21,14:46:00,11:30:00,Approved,On Hold,,
SID20188416,Day Pass,General outing,2023-11-16,2023-11-16,11:32:00,11:32:00,Approved,Used,17:10:00,13:22:00
SID20188020,Home Pass,Going Home,2023-12-05,2023-12-20,08:05:00,09:01:00,Pending,,,
SID20188708,Day Pass,General outing,2023-11-17,2023-11-17,16:34:00,16:34:00,Pending,,,
SID20137027,Home Pass,Medical Emergency,2023-12-09,2024-01-02,15:31:00,10:32:00,Pending,,,
SID20188790,Home Pass,Salaar movie,2023-11-23,2023-12-06,17:01:00,13:32:00,Pending,,,
SID20135002,Day Pass,Eating food,2023-12-05,2023-12-05,17:24:00,17:24:00,Approved,Used,15:25:00,18:52:00
SID20175891,Home Pass,Going Home,2023-11-30,2023-12-08,11:07:00,09:51:00,Denied,,,
SID20131817,Home Pass,Eating food,2023-12-15,2023-12-28,09:54:00,08:28:00,Approved,On Hold,,
SID20135364,Day Pass,Eating food,2023-12-06,2023-12-06,10:10:00,10:10:00,Denied,,,
SID20187946,Day Pass,Eating food,2023-11-26,2023-11-26,09:26:00,09:26:00,Denied,,,
SID20189283,Day Pass,Going Home,2023-11-24,2023-11-24,18:20:00,18:20:00,Denied,,,
SID20189800,Day Pass,Salaar movie,2023-12-05,2023-12-05,14:36:00,14:36:00,Approved,Used,12:53:00,14:06:00
SID20135090,Home Pass,Salaar movie,2023-11-26,2023-12-07,12:25:00,16:38:00,Pending,,,
SID20135373,Home Pass,Salaar movie,2023-12-07,2023-12-21,11:01:00,11:20:00,Denied,,,
SID20134016,Day Pass,Salaar movie,2023-12-06,2023-12-06,14:11:00,14:11:00,Pending,,,
SID20133120,Home Pass,Salaar movie,2023-11-19,2023-12-11,17:26:00,15:50:00,Denied,,,
SID20133680,Day Pass,Medical Emergency,2023-11-18,2023-11-18,08:55:00,08:55:00,Approved,Used,18:59:00,11:55:00
SID20132626,Home Pass,Going Home,2023-12-11,2023-12-12,10:25:00,13:13:00,Pending,,,
SID20138989,Home Pass,General outing,2023-12-06,2023-12-15,12:20:00,10:57:00,Approved,Used,11:15:00,
SID20135312,Home Pass,Medical Emergency,2023-12-05,2023-12-24,16:14:00,15:33:00,Pending,,,
SID20131804,Day Pass,Medical Emergency,2023-12-01,2023-12-01,08:09:00,08:09:00,Pending,,,
SID20133560,Day Pass,General outing,2023-12-06,2023-12-06,09:52:00,09:52:00,Approved,On Hold,,
SID20132741,Day Pass,Going Home,2023-12-15,2023-12-15,17:59:00,17:59:00,Pending,,,
SID20189190,Home Pass,Medical Emergency,2023-12-08,2023-12-11,17:57:00,12:24:00,Approved,On Hold,,
SID20135331,Home Pass,General outing,2023-12-03,2024-01-01,11:28:00,12:31:00,Denied,,,
SID20189140,Day Pass,Medical Emergency,2023-12-08,2023-12-08,15:43:00,15:43:00,Pending,,,
SID20136812,Home Pass,Eating food,2023-11-29,2023-12-06,09:07:00,09:13:00,Approved,Used,16:37:00,15:15:00
SID20138150,Day Pass,Going Home,2023-12-15,2023-12-15,16:18:00,16:18:00,Approved,Used,16:43:00,18:12:00
SID20138050,Home Pass,General outing,2023-12-04,2024-01-02,10:25:00,09:51:00,Denied,,,
SID20136780,Day Pass,Medical Emergency,2023-11-29,2023-11-29,16:56:00,16:56:00,Denied,,,
SID20133413,Home Pass,Salaar movie,2023-11-22,2023-11-26,15:54:00,13:35:00,Approved,Used,16:29:00,18:21:00
SID20133527,Day Pass,General outing,2023-12-01,2023-12-01,09:34:00,09:34:00,Pending,,,
SID20188368,Day Pass,Salaar movie,2023-11-25,2023-11-25,15:21:00,15:21:00,Denied,,,
SID20137215,Day Pass,General outing,2023-11-27,2023-11-27,17:42:00,17:42:00,Approved,On Hold,,
SID20189254,Day Pass,Going Home,2023-12-06,2023-12-06,11:35:00,11:35:00,Denied,,,
SID20135297,Day Pass,Medical Emergency,2023-11-21,2023-11-21,13:12:00,13:12:00,Approved,Used,17:49:00,08:03:00
SID20134894,Home Pass,General outing,2023-11-29,2023-12-12,18:17:00,13:03:00,Approved,On Hold,,
SID20134382,Day Pass,Eating food,2023-11-26,2023-11-26,08:17:00,08:17:00,Approved,Used,08:19:00,09:32:00
SID20131220,Day Pass,Going Home,2023-11-24,2023-11-24,14:48:00,14:48:00,Pending,,,
SID20189989,Day Pass,Going Home,2023-11-17,2023-11-17,10:01:00,10:01:00,Pending,,,
SID20131477,Home Pass,Medical Emergency,2023-12-15,2024-01-10,18:20:00,13:34:00,Pending,,,
SID20134704,Home Pass,Eating food,2023-12-05,2023-12-25,12:31:00,16:36:00,Approved,Used,17:00:00,
SID20133455,Home Pass,General outing,2023-12-05,2023-12-26,09:43:00,18:28:00,Pending,,,
SID20132743,Home Pass,General outing,2023-12-12,2023-12-19,12:44:00,08:18:00,Approved,Used,11:52:00,
SID20132777,Day Pass,General outing,2023-12-03,2023-12-03,18:30:00,18:30:00,Pending,,,
SID20173644,Home Pass,General outing,2023-11-30,2023-12-23,10:27:00,17:01:00,Approved,On Hold,,
SID20189096,Home Pass,Eating food,2023-12-09,2023-12-22,17:41:00,16:02:00,Pending,,,
SID20134138,Day Pass,Going Home,2023-12-11,2023-12-11,17:34:00,17:34:00,Approved,Used,15:42:00,14:16:00
SID20132995,Home Pass,Going Home,2023-12-07,2024-01-03,15:24:00,16:40:00,Pending,,,
SID20132830,Day Pass,Going Home,2023-12-04,2023-12-04,10:51:00,10:51:00,Pending,,,
SID20133098,Day Pass,General outing,2023-11-24,2023-11-24,12:21:00,12:21:00,Denied,,,
SID20135406,Home Pass,Going Home,2023-11-17,2023-12-02,16:47:00,09:10:00,Denied,,,
SID20138091,Home Pass,Eating food,2023-12-05,2023-12-30,18:57:00,10:23:00,Pending,,,
SID20132992,Home Pass,Eating food,2023-11-21,2023-11-28,09:06:00,18:22:00,Approved,On Hold,,
SID20137002,Home Pass,Going Home,2023-12-14,2023-12-31,18:35:00,11:45:00,Denied,,,
SID20131407,Home Pass,Medical Emergency,2023-11-22,2023-12-11,18:19:00,13:32:00,Approved,On Hold,,
SID20138175,Day Pass,Going Home,2023-11-29,2023-11-29,18:49:00,18:49:00,Approved,On Hold,,
SID20137616,Home Pass,Eating food,2023-12-10,2023-12-26,18:34:00,13:49:00,Pending,,,
SID20133262,Day Pass,Going Home,2023-12-06,2023-12-06,10:06:00,10:06:00,Pending,,,
SID20131231,Day Pass,Medical Emergency,2023-11-25,2023-11-25,16:31:00,16:31:00,Denied,,,
SID20137639,Day Pass,General outing,2023-11-17,2023-11-17,14:46:00,14:46:00,Pending,,,
SID20137674,Day Pass,Medical Emergency,2023-12-09,2023-12-09,17:44:00,17:44:00,Pending,,,
SID20133095,Home Pass,Going Home,2023-12-01,2023-12-08,14:55:00,12:50:00,Denied,,,
SID20134275,Home Pass,Salaar movie,2023-11-25,2023-12-16,13:51:00,18:58:00,Approved,On Hold,,
SID20134904,Home Pass,Salaar movie,2023-11-28,2023-12-11,15:20:00,14:43:00,Pending,,,
SID20136871,Home Pass,General outing,2023-11-20,2023-11-25,15:51:00,10:45:00,Denied,,,
SID20185627,Home Pass,Eating food,2023-12-04,2023-12-30,10:13:00,16:52:00,Denied,,,
SID20138176,Day Pass,Medical Emergency,2023-11-23,2023-11-23,11:03:00,11:03:00,Pending,,,
SID20132440,Home Pass,General outing,2023-11-29,2023-12-29,10:35:00,13:38:00,Pending,,,
SID20134156,Home Pass,Going Home,2023-12-02,2023-12-26,12:55:00,09:40:00,Denied,,,
SID20133751,Home Pass,Going Home,2023-11-18,2023-12-15,11:34:00,13:30:00,Approved,Used,10:37:00,
SID20166396,Day Pass,Medical Emergency,2023-12-08,2023-12-08,09:27:00,09:27:00,Denied,,,
SID20139010,Day Pass,Medical Emergency,2023-11-17,2023-11-17,11:28:00,11:28:00,Approved,On Hold,,
SID20137601,Day Pass,Going Home,2023-11-30,2023-11-30,17:58:00,17:58:00,Denied,,,
SID20139148,Home Pass,Going Home,2023-11-29,2023-12-21,09:33:00,12:52:00,Pending,,,
SID20133106,Day Pass,General outing,2023-12-04,2023-12-04,14:10:00,14:10:00,Denied,,,
SID20173216,Day Pass,Salaar movie,2023-12-13,2023-12-13,12:46:00,12:46:00,Pending,,,
SID20135146,Day Pass,Salaar movie,2023-11-30,2023-11-30,18:37:00,18:37:00,Pending,,,
SID20137092,Day Pass,Eating food,2023-12-04,2023-12-04,17:54:00,17:54:00,Pending,,,
SID20137911,Day Pass,Eating food,2023-11-29,2023-11-29,11:33:00,11:33:00,Pending,,,
SID20138791,Home Pass,General outing,2023-11-18,2023-12-04,08:32:00,11:25:00,Denied,,,
SID20131176,Home Pass,Eating food,2023-12-09,2023-12-22,18:17:00,10:26:00,Approved,Used,16:54:00,17:03:00
SID20137184,Home Pass,Medical Emergency,2023-12-13,2024-01-03,14:37:00,13:38:00,Denied,,,
SID20188430,Day Pass,General outing,2023-11-25,2023-11-25,11:05:00,11:05:00,Denied,,,
SID20133032,Home Pass,Eating food,2023-11-23,2023-11-29,13:54:00,17:01:00,Pending,,,
SID20139023,Home Pass,Eating food,2023-12-09,2024-01-07,08:01:00,09:08:00,Denied,,,
SID20133625,Home Pass,Salaar movie,2023-11-30,2023-12-08,13:04:00,15:57:00,Pending,,,
SID20189048,Home Pass,Medical Emergency,2023-12-10,2024-01-07,08:37:00,15:26:00,Denied,,,
SID20132300,Day Pass,Eating food,2023-11-30,2023-11-30,09:48:00,09:48:00,Pending,,,
SID20132880,Day Pass,Salaar movie,2023-11-16,2023-11-16,08:15:00,08:15:00,Approved,Used,15:15:00,16:16:00
SID20131872,Home Pass,Eating food,2023-12-08,2023-12-17,17:04:00,18:54:00,Pending,,,
SID20171578,Home Pass,General outing,2023-11-26,2023-12-12,17:54:00,12:50:00,Denied,,,
SID20188181,Day Pass,Eating food,2023-11-22,2023-11-22,18:52:00,18:52:00,Pending,,,
SID20138029,Day Pass,Salaar movie,2023-11-22,2023-11-22,17:22:00,17:22:00,Denied,,,
SID20133388,Day Pass,General outing,2023-12-11,2023-12-11,15:25:00,15:25:00,Pending,,,
SID20131364,Home Pass,Eating food,2023-11-20,2023-12-18,11:45:00,15:10:00,Pending,,,
SID20188862,Home Pass,Medical Emergency,2023-12-15,2023-12-19,13:34:00,08:54:00,Approved,Used,11:31:00,
SID20134683,Day Pass,General outing,2023-12-03,2023-12-03,09:41:00,09:41:00,Pending,,,
SID20188865,Day Pass,Salaar movie,2023-11-25,2023-11-25,17:26:00,17:26:00,Pending,,,
SID20136967,Home Pass,Medical Emergency,2023-12-03,2024-01-02,14:32:00,14:30:00,Approved,Used,12:16:00,08:33:00
SID20135153,Home Pass,Salaar movie,2023-11-27,2023-12-21,18:29:00,11:39:00,Approved,Used,10:10:00,
SID20137672,Day Pass,Going Home,2023-12-11,2023-12-11,09:53:00,09:53:00,Denied,,,
SID20138574,Day Pass,Going Home,2023-12-08,2023-12-08,11:10:00,11:10:00,Approved,Used,14:53:00,15:17:00
SID20189105,Day Pass,Going Home,2023-11-27,2023-11-27,17:28:00,17:28:00,Approved,On Hold,,
SID20137928,Home Pass,General outing,2023-11-30,2023-12-03,10:36:00,11:51:00,Denied,,,
SID20138315,Day Pass,Going Home,2023-12-09,2023-12-09,11:20:00,11:20:00,Pending,,,
SID20189877,Home Pass,Eating food,2023-11-23,2023-12-08,11:52:00,16:57:00,Denied,,,
SID20136724,Home Pass,General outing,2023-12-08,2023-12-10,08:38:00,08:55:00,Approved,On Hold,,
SID20138923,Home Pass,Medical Emergency,2023-11-16,2023-12-15,09:22:00,13:59:00,Approved,On Hold,,
SID20131265,Home Pass,Eating food,2023-11-23,2023-12-18,15:15:00,12:39:00,Approved,Used,12:38:00,
SID20134889,Home Pass,Going Home,2023-12-02,2023-12-03,09:20:00,14:32:00,Denied,,,
SID20188274,Day Pass,Medical Emergency,2023-12-04,2023-12-04,11:30:00,11:30:00,Approved,Used,16:51:00,
SID20134852,Day Pass,Salaar movie,2023-11-23,2023-11-23,10:52:00,10:52:00,Pending,,,
SID20189087,Home Pass,Salaar movie,2023-12-04,2023-12-24,10:23:00,14:39:00,Pending,,,
SID20132952,Day Pass,Salaar movie,2023-12-08,2023-12-08,18:39:00,18:39:00,Approved,Used,09:00:00,
SID20189138,Day Pass,Going Home,2023-11-27,2023-11-27,12:22:00,12:22:00,Denied,,,
SID20131506,Day Pass,Medical Emergency,2023-11-22,2023-11-22,13:50:00,13:50:00,Approved,Used,11:23:00,08:08:00
SID20134991,Home Pass,Medical Emergency,2023-11-23,2023-11-25,14:18:00,10:39:00,Approved,Used,09:07:00,
SID20131582,Day Pass,General outing,2023-12-13,2023-12-13,08:21:00,08:21:00,Denied,,,
SID20137257,Home Pass,Salaar movie,2023-11-28,2023-12-26,10:45:00,15:21:00,Pending,,,
SID20138084,Home Pass,Eating food,2023-11-24,2023-11-30,09:11:00,11:04:00,Pending,,,
SID20188974,Home Pass,Salaar movie,2023-11-18,2023-12-17,16:14:00,09:16:00,Approved,On Hold,,
SID20136775,Day Pass,Medical Emergency,2023-11-20,2023-11-20,15:42:00,15:42:00,Denied,,,
SID20138311,Home Pass,Salaar movie,2023-11-27,2023-12-25,08:27:00,11:07:00,Denied,,,
SID20132939,Home Pass,Salaar movie,2023-11-16,2023-11-28,09:25:00,17:18:00,Denied,,,
SID20138213,Home Pass,Medical Emergency,2023-12-02,2023-12-15,09:49:00,14:25:00,Approved,Used,14:51:00,10:29:00
SID20178693,Home Pass,Medical Emergency,2023-12-10,2023-12-16,16:42:00,15:53:00,Pending,,,
SID20138108,Day Pass,Going Home,2023-12-06,2023-12-06,12:18:00,12:18:00,Denied,,,
SID20132735,Day Pass,Going Home,2023-12-12,2023-12-12,18:29:00,18:29:00,Denied,,,
SID20131830,Day Pass,Eating food,2023-12-08,2023-12-08,10:25:00,10:25:00,Pending,,,
SID20167637,Home Pass,Medical Emergency,2023-12-04,2024-01-02,15:30:00,10:51:00,Pending,,,
SID20158333,Day Pass,Eating food,2023-11-28,2023-11-28,18:43:00,18:43:00,Pending,,,
SID20133628,Day Pass,Salaar movie,2023-12-13,2023-12-13,16:10:00,16:10:00,Approved,On Hold,,
SID20171354,Home Pass,Salaar movie,2023-11-23,2023-12-12,15:37:00,08:25:00,Denied,,,
SID20132654,Day Pass,General outing,2023-12-09,2023-12-09,09:43:00,09:43:00,Approved,On Hold,,
SID20133507,Home Pass,Salaar movie,2023-11-29,2023-12-22,08:46:00,14:20:00,Denied,,,
SID20136943,Day Pass,General outing,2023-11-24,2023-11-24,11:10:00,11:10:00,Pending,,,
SID20136794,Day Pass,Medical Emergency,2023-12-14,2023-12-14,09:58:00,09:58:00,Approved,On Hold,,
SID20135307,Home Pass,Salaar movie,2023-11-27,2023-12-20,08:28:00,09:07:00,Pending,,,
SID20131850,Day Pass,Salaar movie,2023-11-19,2023-11-19,17:14:00,17:14:00,Approved,On Hold,,
SID20134260,Day Pass,Eating food,2023-12-11,2023-12-11,14:13:00,14:13:00,Approved,On Hold,,
SID20137026,Day Pass,Salaar movie,2023-11-19,2023-11-19,13:32:00,13:32:00,Pending,,,
SID20134063,Home Pass,Medical Emergency,2023-11-24,2023-11-26,14:43:00,10:02:00,Denied,,,
SID20138633,Day Pass,Going Home,2023-11-20,2023-11-20,11:18:00,11:18:00,Approved,Used,08:43:00,15:54:00
SID20188598,Day Pass,General outing,2023-12-02,2023-12-02,14:29:00,14:29:00,Pending,,,
SID20138591,Day Pass,Salaar movie,2023-11-17,2023-11-17,09:21:00,09:21:00,Approved,On Hold,,
SID20134792,Day Pass,General outing,2023-11-17,2023-11-17,13:57:00,13:57:00,Pending,,,
SID20134900,Day Pass,Medical Emergency,2023-12-12,2023-12-12,08:10:00,08:10:00,Denied,,,
SID20137402,Day Pass,Medical Emergency,2023-12-08,2023-12-08,11:06:00,11:06:00,Denied,,,
SID20189495,Home Pass,General outing,2023-12-08,2023-12-20,12:02:00,12:14:00,Approved,On Hold,,
SID20132800,Day Pass,Medical Emergency,2023-11-16,2023-11-16,12:28:00,12:28:00,Pending,,,
SID20138035,Day Pass,Medical Emergency,2023-11-19,2023-11-19,11:51:00,11:51:00,Approved,Used,15:43:00,16:08:00
SID20189161,Day Pass,General outing,2023-11-16,2023-11-16,14:39:00,14:39:00,Denied,,,
SID20189367,Home Pass,Eating food,2023-12-03,2023-12-11,13:00:00,15:46:00,Denied,,,
SID20132710,Home Pass,Going Home,2023-11-16,2023-12-02,16:22:00,08:21:00,Pending,,,
SID20156717,Home Pass,Going Home,2023-11-22,2023-12-21,08:31:00,16:01:00,Approved,On Hold,,
SID20189510,Home Pass,Medical Emergency,2023-11-17,2023-11-19,14:15:00,17:45:00,Pending,,,
SID20131446,Day Pass,Going Home,2023-11-23,2023-11-23,08:15:00,08:15:00,Approved,Used,15:34:00,
SID20134168,Home Pass,Eating food,2023-12-02,2023-12-08,12:05:00,17:12:00,Approved,On Hold,,
SID20189632,Day Pass,Medical Emergency,2023-11-30,2023-11-30,09:23:00,09:23:00,Denied,,,
SID20131764,Day Pass,Salaar movie,2023-12-09,2023-12-09,11:21:00,11:21:00,Approved,Used,08:14:00,
SID20131177,Home Pass,Salaar movie,2023-11-16,2023-12-10,09:39:00,14:41:00,Denied,,,
SID20132424,Day Pass,Medical Emergency,2023-12-06,2023-12-06,09:47:00,09:47:00,Approved,Used,09:14:00,11:53:00
SID20133920,Home Pass,Medical Emergency,2023-12-07,2024-01-05,08:20:00,11:07:00,Pending,,,
SID20134659,Day Pass,Eating food,2023-11-20,2023-11-20,14:53:00,14:53:00,Approved,Used,08:46:00,
SID20133812,Day Pass,General outing,2023-12-03,2023-12-03,09:17:00,09:17:00,Pending,,,
SID20188687,Day Pass,Going Home,2023-12-01,2023-12-01,15:32:00,15:32:00,Approved,On Hold,,
SID20131208,Home Pass,Salaar movie,2023-11-16,2023-12-05,18:39:00,10:38:00,Denied,,,
SID20134476,Home Pass,General outing,2023-12-12,2023-12-18,15:03:00,15:57:00,Denied,,,
SID20133084,Home Pass,Medical Emergency,2023-12-07,2023-12-27,14:13:00,17:28:00,Approved,On Hold,,
SID20189590,Home Pass,Eating food,2023-12-11,2023-12-27,08:44:00,18:41:00,Denied,,,
SID20133658,Day Pass,Salaar movie,2023-12-11,2023-12-11,10:07:00,10:07:00,Denied,,,
SID20188660,Home Pass,Medical Emergency,2023-12-01,2023-12-04,18:10:00,15:49:00,Approved,On Hold,,
SID20189227,Day Pass,Going Home,2023-11-21,2023-11-21,15:58:00,15:58:00,Pending,,,
SID20132556,Day Pass,General outing,2023-11-22,2023-11-22,11:04:00,11:04:00,Approved,Used,14:55:00,18:08:00
SID20131244,Home Pass,Going Home,2023-12-15,2023-12-22,14:07:00,10:51:00,Approved,Used,14:27:00,17:34:00
SID20135073,Home Pass,Going Home,2023-12-02,2023-12-15,17:18:00,12:42:00,Approved,Used,11:17:00,
SID20188996,Home Pass,Eating food,2023-12-06,2023-12-15,11:20:00,11:16:00,Pending,,,
SID20133823,Day Pass,Eating food,2023-12-15,2023-12-15,08:21:00,08:21:00,Denied,,,
SID20134103,Day Pass,General outing,2023-11-29,2023-11-29,15:49:00,15:49:00,Denied,,,
SID20134723,Home Pass,Medical Emergency,2023-12-12,2023-12-23,16:24:00,08:18:00,Pending,,,
SID20138582,Home Pass,Eating food,2023-12-02,2023-12-26,15:01:00,08:51:00,Pending,,,
SID20132913,Day Pass,Medical Emergency,2023-11-18,2023-11-18,16:46:00,16:46:00,Pending,,,
SID20137917,Day Pass,Eating food,2023-11-24,2023-11-24,16:15:00,16:15:00,Pending,,,
SID20138999,Day Pass,Medical Emergency,2023-11-19,2023-11-19,10:58:00,10:58:00,Approved,On Hold,,
SID20138588,Home Pass,Medical Emergency,2023-11-25,2023-12-15,14:09:00,10:02:00,Approved,Used,16:54:00,
SID20135100,Day Pass,Eating food,2023-11-25,2023-11-25,18:44:00,18:44:00,Approved,On Hold,,
SID20134541,Day Pass,Going Home,2023-11-19,2023-11-19,16:05:00,16:05:00,Denied,,,
SID20136798,Day Pass,Going Home,2023-12-13,2023-12-13,18:52:00,18:52:00,Denied,,,
SID20187867,Day Pass,General outing,2023-12-06,2023-12-06,15:02:00,15:02:00,Pending,,,
SID20189867,Day Pass,Going Home,2023-12-05,2023-12-05,10:12:00,10:12:00,Pending,,,
SID20132032,Home Pass,General outing,2023-11-20,2023-12-15,15:45:00,13:24:00,Pending,,,
SID20134816,Home Pass,Salaar movie,2023-11-17,2023-11-21,14:16:00,16:42:00,Pending,,,
SID20136940,Home Pass,General outing,2023-12-04,2024-01-01,17:25:00,15:46:00,Approved,On Hold,,
SID20178769,Home Pass,Salaar movie,2023-12-04,2023-12-18,14:33:00,18:39:00,Pending,,,
SID20132222,Day Pass,Medical Emergency,2023-11-19,2023-11-19,08:28:00,08:28:00,Denied,,,
SID20139125,Day Pass,Salaar movie,2023-11-19,2023-11-19,12:50:00,12:50:00,Pending,,,
SID20132816,Home Pass,General outing,2023-11-29,2023-12-19,17:17:00,18:04:00,Approved,Used,09:54:00,
SID20134101,Day Pass,Medical Emergency,2023-11-16,2023-11-16,09:48:00,09:48:00,Approved,Used,16:17:00,
SID20188426,Home Pass,Eating food,2023-12-11,2023-12-26,17:53:00,12:17:00,Approved,On Hold,,
SID20189926,Day Pass,Eating food,2023-12-10,2023-12-10,18:00:00,18:00:00,Approved,On Hold,,
SID20188810,Day Pass,Going Home,2023-11-22,2023-11-22,12:16:00,12:16:00,Denied,,,
SID20184134,Home Pass,Salaar movie,2023-11-18,2023-12-14,10:26:00,11:45:00,Denied,,,
SID20189359,Day Pass,General outing,2023-12-13,2023-12-13,14:30:00,14:30:00,Pending,,,
SID20139097,Day Pass,General outing,2023-12-04,2023-12-04,09:36:00,09:36:00,Denied,,,
SID20131753,Day Pass,Going Home,2023-12-10,2023-12-10,18:52:00,18:52:00,Pending,,,
SID20132530,Home Pass,Salaar movie,2023-11-25,2023-12-09,09:41:00,15:21:00,Approved,On Hold,,
SID20189126,Day Pass,Eating food,2023-11-30,2023-11-30,15:07:00,15:07:00,Pending,,,
SID20137440,Home Pass,Medical Emergency,2023-11-22,2023-12-13,11:43:00,17:03:00,Approved,Used,13:49:00,10:57:00
SID20137380,Home Pass,General outing,2023-11-29,2023-12-23,13:07:00,08:14:00,Pending,,,
SID20133468,Day Pass,Eating food,2023-11-28,2023-11-28,14:50:00,14:50:00,Denied,,,
SID20188763,Day Pass,Going Home,2023-12-14,2023-12-14,09:49:00,09:49:00,Approved,On Hold,,
SID20189074,Home Pass,Salaar movie,2023-11-19,2023-12-09,14:35:00,11:04:00,Approved,Used,18:34:00,
SID20137398,Home Pass,Medical Emergency,2023-12-05,2023-12-22,12:54:00,16:33:00,Pending,,,
SID20189106,Home Pass,Going Home,2023-12-02,2023-12-14,16:00:00,12:33:00,Approved,Used,11:35:00,14:13:00
SID20132638,Day Pass,General outing,2023-11-23,2023-11-23,10:15:00,10:15:00,Denied,,,
SID20137918,Day Pass,Medical Emergency,2023-12-01,2023-12-01,13:26:00,13:26:00,Approved,On Hold,,
SID20133497,Day Pass,General outing,2023-12-03,2023-12-03,15:08:00,15:08:00,Denied,,,
SID20188220,Day Pass,General outing,2023-11-25,2023-11-25,17:44:00,17:44:00,Denied,,,
SID20132928,Home Pass,Going Home,2023-12-06,2023-12-31,18:05:00,17:30:00,Approved,Used,09:09:00,
SID20138663,Day Pass,Eating food,2023-12-11,2023-12-11,17:41:00,17:41:00,Pending,,,
SID20137021,Day Pass,Medical Emergency,2023-11-18,2023-11-18,09:23:00,09:23:00,Denied,,,
SID20153718,Day Pass,Eating food,2023-12-09,2023-12-09,12:26:00,12:26:00,Approved,On Hold,,
SID20134607,Day Pass,Eating food,2023-12-01,2023-12-01,16:31:00,16:31:00,Approved,On Hold,,
SID20133311,Home Pass,General outing,2023-12-14,2023-12-29,13:40:00,12:58:00,Pending,,,
SID20138292,Day Pass,General outing,2023-12-10,2023-12-10,12:42:00,12:42:00,Denied,,,
SID20132245,Home Pass,Going Home,2023-12-11,2024-01-07,17:06:00,12:48:00,Approved,Used,15:27:00,
SID20131246,Day Pass,Medical Emergency,2023-12-12,2023-12-12,10:16:00,10:16:00,Approved,On Hold,,
SID20145900,Home Pass,Medical Emergency,2023-12-12,2024-01-04,17:28:00,17:58:00,Denied,,,
SID20188453,Day Pass,Medical Emergency,2023-11-29,2023-11-29,14:39:00,14:39:00,Approved,Used,10:29:00,13:10:00
SID20138530,Day Pass,General outing,2023-12-08,2023-12-08,11:45:00,11:45:00,Pending,,,
SID20189188,Day Pass,Going Home,2023-11-19,2023-11-19,17:39:00,17:39:00,Denied,,,
SID20158585,Day Pass,General outing,2023-11-19,2023-11-19,10:46:00,10:46:00,Pending,,,
SID20169421,Day Pass,General outing,2023-11-27,2023-11-27,11:35:00,11:35:00,Denied,,,
SID20133006,Home Pass,General outing,2023-12-11,2023-12-28,12:17:00,18:10:00,Approved,On Hold,,
SID20187967,Day Pass,General outing,2023-12-06,2023-12-06,17:57:00,17:57:00,Pending,,,
SID20133848,Home Pass,Salaar movie,2023-11-20,2023-12-17,11:04:00,11:48:00,Approved,Used,09:13:00,
SID20138021,Day Pass,Medical Emergency,2023-12-07,2023-12-07,10:30:00,10:30:00,Denied,,,
SID20134445,Home Pass,Salaar movie,2023-11-29,2023-12-03,14:35:00,11:38:00,Denied,,,
SID20138428,Home Pass,Going Home,2023-12-13,2023-12-16,18:34:00,13:24:00,Approved,Used,14:15:00,
SID20138909,Day Pass,Eating food,2023-12-14,2023-12-14,13:03:00,13:03:00,Approved,On Hold,,
SID20189887,Day Pass,Eating food,2023-12-05,2023-12-05,08:06:00,08:06:00,Approved,Used,16:51:00,
SID20143821,Day Pass,Salaar movie,2023-11-30,2023-11-30,09:45:00,09:45:00,Pending,,,
SID20137473,Home Pass,Medical Emergency,2023-12-12,2024-01-05,11:49:00,11:04:00,Denied,,,
SID20133314,Day Pass,Eating food,2023-11-19,2023-11-19,15:49:00,15:49:00,Denied,,,
SID20132511,Home Pass,Going Home,2023-12-01,2023-12-19,11:06:00,17:55:00,Denied,,,
SID20133750,Home Pass,Salaar movie,2023-11-23,2023-12-13,11:09:00,12:25:00,Denied,,,
SID20187995,Home Pass,Medical Emergency,2023-11-22,2023-12-20,17:01:00,11:32:00,Pending,,,
SID20188419,Home Pass,Medical Emergency,2023-12-03,2023-12-28,13:40:00,09:51:00,Pending,,,
SID20133561,Home Pass,Medical Emergency,2023-12-11,2023-12-22,17:41:00,10:53:00,Denied,,,
SID20131526,Day Pass,General outing,2023-11-25,2023-11-25,10:45:00,10:45:00,Pending,,,
SID20135382,Home Pass,Going Home,2023-12-05,2023-12-11,15:07:00,10:04:00,Denied,,,
SID20131303,Home Pass,Salaar movie,2023-11-27,2023-11-29,15:20:00,13:37:00,Denied,,,
SID20134454,Home Pass,General outing,2023-12-15,2023-12-27,10:12:00,09:06:00,Pending,,,
SID20133184,Day Pass,General outing,2023-11-26,2023-11-26,12:48:00,12:48:00,Denied,,,
SID20138981,Day Pass,Going Home,2023-11-18,2023-11-18,09:24:00,09:24:00,Approved,On Hold,,
SID20132775,Day Pass,General outing,2023-11-23,2023-11-23,12:01:00,12:01:00,Pending,,,
SID20131936,Day Pass,Salaar movie,2023-12-10,2023-12-10,14:30:00,14:30:00,Pending,,,
SID20189908,Home Pass,Medical Emergency,2023-11-24,2023-11-27,12:55:00,08:02:00,Pending,,,
SID20138248,Day Pass,Salaar movie,2023-12-04,2023-12-04,09:27:00,09:27:00,Approved,Used,12:44:00,09:10:00
SID20173036,Home Pass,Going Home,2023-12-13,2023-12-14,10:43:00,08:30:00,Approved,Used,13:53:00,17:18:00
SID20134273,Home Pass,Salaar movie,2023-11-23,2023-11-24,17:44:00,13:38:00,Approved,Used,10:56:00,
